Workbook

Sheet Présence
A1: Feuille de présence · Octobre 2026
A2: Nourix Academy · Projet 6 · Codes : P = présent, A = absent, C = congé, M = maladie. Week-ends grisés.
A4: Code | B4: Nom | C4: 1 | D4: 2 | E4: 3 | F4: 4 | G4: 5 | H4: 6 | I4: 7 | J4: 8 | K4: 9 | L4: 10 | M4: 11 | N4: 12 | O4: 13 | P4: 14 | Q4: 15 | R4: 16 | S4: 17 | T4: 18 | U4: 19 | V4: 20 | W4: 21 | X4: 22 | Y4: 23 | Z4: 24 | AA4: 25 | AB4: 26 | AC4: 27 | AD4: 28 | AE4: 29 | AF4: 30 | AG4: 31 | AH4: P | AI4: A | AJ4: C | AK4: M | AL4: Jours ouvrés
C5: J | D5: V | E5: S | F5: D | G5: L | H5: M | I5: M | J5: J | K5: V | L5: S | M5: D | N5: L | O5: M | P5: M | Q5: J | R5: V | S5: S | T5: D | U5: L | V5: M | W5: M | X5: J | Y5: V | Z5: S | AA5: D | AB5: L | AC5: M | AD5: M | AE5: J | AF5: V | AG5: S
A6: E01 | B6: Employé Un | C6: P | F6: P | G6: P | H6: P | I6: P | J6: P | M6: P | N6: P | O6: P | P6: P | Q6: P | T6: P | U6: P | V6: P | W6: P | X6: P | AA6: P | AB6: P | AC6: P | AD6: P | AE6: M | AH6: =COUNTIF(C6:AG6,"P") -> 20 | AI6: =COUNTIF(C6:AG6,"A") -> 0 | AJ6: =COUNTIF(C6:AG6,"C") -> 0 | AK6: =COUNTIF(C6:AG6,"M") -> 1 | AL6: =AH6+AI6+AJ6+AK6 -> 21
A7: E02 | B7: Employé Deux | C7: C | F7: P | G7: P | H7: P | I7: P | J7: P | M7: P | N7: P | O7: P | P7: P | Q7: P | T7: P | U7: P | V7: P | W7: P | X7: P | AA7: P | AB7: P | AC7: P | AD7: A | AE7: P | AH7: =COUNTIF(C7:AG7,"P") -> 19 | AI7: =COUNTIF(C7:AG7,"A") -> 1 | AJ7: =COUNTIF(C7:AG7,"C") -> 1 | AK7: =COUNTIF(C7:AG7,"M") -> 0 | AL7: =AH7+AI7+AJ7+AK7 -> 21
A8: E03 | B8: Employé Trois | C8: P | F8: P | G8: P | H8: P | I8: P | J8: P | M8: P | N8: P | O8: P | P8: P | Q8: P | T8: P | U8: P | V8: P | W8: P | X8: P | AA8: P | AB8: P | AC8: P | AD8: P | AE8: P | AH8: =COUNTIF(C8:AG8,"P") -> 21 | AI8: =COUNTIF(C8:AG8,"A") -> 0 | AJ8: =COUNTIF(C8:AG8,"C") -> 0 | AK8: =COUNTIF(C8:AG8,"M") -> 0 | AL8: =AH8+AI8+AJ8+AK8 -> 21
A9: E04 | B9: Employé Quatre | C9: P | F9: P | G9: P | H9: P | I9: P | J9: P | M9: P | N9: P | O9: P | P9: P | Q9: P | T9: M | U9: P | V9: P | W9: A | X9: P | AA9: P | AB9: P | AC9: P | AD9: P | AE9: P | AH9: =COUNTIF(C9:AG9,"P") -> 19 | AI9: =COUNTIF(C9:AG9,"A") -> 1 | AJ9: =COUNTIF(C9:AG9,"C") -> 0 | AK9: =COUNTIF(C9:AG9,"M") -> 1 | AL9: =AH9+AI9+AJ9+AK9 -> 21
A10: E05 | B10: Employé Cinq | C10: P | F10: P | G10: P | H10: P | I10: P | J10: P | M10: P | N10: P | O10: P | P10: P | Q10: P | T10: M | U10: P | V10: P | W10: P | X10: P | AA10: P | AB10: P | AC10: P | AD10: P | AE10: P | AH10: =COUNTIF(C10:AG10,"P") -> 20 | AI10: =COUNTIF(C10:AG10,"A") -> 0 | AJ10: =COUNTIF(C10:AG10,"C") -> 0 | AK10: =COUNTIF(C10:AG10,"M") -> 1 | AL10: =AH10+AI10+AJ10+AK10 -> 21
A11: E06 | B11: Employé Six | C11: P | F11: P | G11: P | H11: C | I11: P | J11: P | M11: P | N11: P | O11: P | P11: P | Q11: P | T11: P | U11: P | V11: P | W11: P | X11: P | AA11: P | AB11: A | AC11: P | AD11: P | AE11: P | AH11: =COUNTIF(C11:AG11,"P") -> 19 | AI11: =COUNTIF(C11:AG11,"A") -> 1 | AJ11: =COUNTIF(C11:AG11,"C") -> 1 | AK11: =COUNTIF(C11:AG11,"M") -> 0 | AL11: =AH11+AI11+AJ11+AK11 -> 21
B13: Week-end : vendredi et samedi (modifiez selon votre pays).

Sheet Paie
A1: Calcul de la paie · Octobre 2026
A2: Le salaire est proportionnel aux jours payés (présence + congés). Paramètres en bleu.
B4: Jours ouvrables du mois | D4: =COUNTA(Présence!C6:AG6) -> 21
B5: Prime par heure supplémentaire | D5: 400
B6: Taux de cotisations sociales | D6: 0.09
A8: Code | B8: Nom | C8: Poste | D8: Salaire de base | E8: Jours payés | F8: Salaire du mois | G8: Heures sup. | H8: Brut | I8: Cotisations | J8: Net à payer
A9: E01 | B9: =Présence!B6 -> Employé Un | C9: Vendeur | D9: 42000 | E9: =Présence!AH6+Présence!AJ6+Présence!AK6 -> 21 | F9: =IF($D$4=0,0,ROUND(D9/$D$4*E9,2)) -> 42000 | G9: 0 | H9: =F9+G9*$D$5 -> 42000 | I9: =ROUND(H9*$D$6,2) -> 3780 | J9: =H9-I9 -> 38220
A10: E02 | B10: =Présence!B7 -> Employé Deux | C10: Caissière | D10: 38000 | E10: =Présence!AH7+Présence!AJ7+Présence!AK7 -> 20 | F10: =IF($D$4=0,0,ROUND(D10/$D$4*E10,2)) -> 36190.48 | G10: 6 | H10: =F10+G10*$D$5 -> 38590.48 | I10: =ROUND(H10*$D$6,2) -> 3473.14 | J10: =H10-I10 -> 35117.34
A11: E03 | B11: =Présence!B8 -> Employé Trois | C11: Magasinier | D11: 36000 | E11: =Présence!AH8+Présence!AJ8+Présence!AK8 -> 21 | F11: =IF($D$4=0,0,ROUND(D11/$D$4*E11,2)) -> 36000 | G11: 0 | H11: =F11+G11*$D$5 -> 36000 | I11: =ROUND(H11*$D$6,2) -> 3240 | J11: =H11-I11 -> 32760
A12: E04 | B12: =Présence!B9 -> Employé Quatre | C12: Comptable | D12: 55000 | E12: =Présence!AH9+Présence!AJ9+Présence!AK9 -> 20 | F12: =IF($D$4=0,0,ROUND(D12/$D$4*E12,2)) -> 52380.95 | G12: 0 | H12: =F12+G12*$D$5 -> 52380.95 | I12: =ROUND(H12*$D$6,2) -> 4714.29 | J12: =H12-I12 -> 47666.66
A13: E05 | B13: =Présence!B10 -> Employé Cinq | C13: Livreur | D13: 34000 | E13: =Présence!AH10+Présence!AJ10+Présence!AK10 -> 21 | F13: =IF($D$4=0,0,ROUND(D13/$D$4*E13,2)) -> 34000 | G13: 0 | H13: =F13+G13*$D$5 -> 34000 | I13: =ROUND(H13*$D$6,2) -> 3060 | J13: =H13-I13 -> 30940
A14: E06 | B14: =Présence!B11 -> Employé Six | C14: Responsable | D14: 70000 | E14: =Présence!AH11+Présence!AJ11+Présence!AK11 -> 20 | F14: =IF($D$4=0,0,ROUND(D14/$D$4*E14,2)) -> 66666.67 | G14: 4 | H14: =F14+G14*$D$5 -> 68266.67 | I14: =ROUND(H14*$D$6,2) -> 6144 | J14: =H14-I14 -> 62122.67
A15: TOTAL | D15: =SUM(D9:D14) -> 275000 | F15: =SUM(F9:F14) -> 267238.1 | H15: =SUM(H9:H14) -> 271238.1 | I15: =SUM(I9:I14) -> 24411.43 | J15: =SUM(J9:J14) -> 246826.67
B17: Exemple pédagogique : les règles réelles de paie (cotisations, impôt) dépendent de la loi de votre pays.
B19: Légende : | C19: Saisie (modifiable) | D19: Formule (ne pas modifier)
