Workbook

Sheet Articles
A1: Gestion de stock
A2: Nourix Academy · Projet 3 · Saisissez les entrées et sorties dans « Mouvements » : le stock se met à jour.
A4: Code | B4: Article | C4: Catégorie | D4: Stock initial | E4: Entrées | F4: Sorties | G4: Stock actuel | H4: Seuil d’alerte | I4: Prix unitaire | J4: Valeur du stock | K4: État
A5: A01 | B5: Riz 5 kg | C5: Alimentation | D5: 40 | E5: =SUMIFS(Mouvements!$D:$D,Mouvements!$B:$B,A5,Mouvements!$C:$C,"Entrée") -> 13 | F5: =SUMIFS(Mouvements!$D:$D,Mouvements!$B:$B,A5,Mouvements!$C:$C,"Sortie") -> 21 | G5: =D5+E5-F5 -> 32 | H5: 15 | I5: 900 | J5: =G5*I5 -> 28800 | K5: =IF(G5<=0,"Rupture",IF(G5<=H5,"À commander","OK")) -> OK
A6: A02 | B6: Huile 2 L | C6: Alimentation | D6: 60 | E6: =SUMIFS(Mouvements!$D:$D,Mouvements!$B:$B,A6,Mouvements!$C:$C,"Entrée") -> 20 | F6: =SUMIFS(Mouvements!$D:$D,Mouvements!$B:$B,A6,Mouvements!$C:$C,"Sortie") -> 41 | G6: =D6+E6-F6 -> 39 | H6: 20 | I6: 650 | J6: =G6*I6 -> 25350 | K6: =IF(G6<=0,"Rupture",IF(G6<=H6,"À commander","OK")) -> OK
A7: A03 | B7: Sucre 1 kg | C7: Alimentation | D7: 80 | E7: =SUMIFS(Mouvements!$D:$D,Mouvements!$B:$B,A7,Mouvements!$C:$C,"Entrée") -> 0 | F7: =SUMIFS(Mouvements!$D:$D,Mouvements!$B:$B,A7,Mouvements!$C:$C,"Sortie") -> 21 | G7: =D7+E7-F7 -> 59 | H7: 25 | I7: 110 | J7: =G7*I7 -> 6490 | K7: =IF(G7<=0,"Rupture",IF(G7<=H7,"À commander","OK")) -> OK
A8: A04 | B8: Café 250 g | C8: Alimentation | D8: 12 | E8: =SUMIFS(Mouvements!$D:$D,Mouvements!$B:$B,A8,Mouvements!$C:$C,"Entrée") -> 9 | F8: =SUMIFS(Mouvements!$D:$D,Mouvements!$B:$B,A8,Mouvements!$C:$C,"Sortie") -> 0 | G8: =D8+E8-F8 -> 21 | H8: 10 | I8: 380 | J8: =G8*I8 -> 7980 | K8: =IF(G8<=0,"Rupture",IF(G8<=H8,"À commander","OK")) -> OK
A9: A05 | B9: Savon (lot de 4) | C9: Hygiène | D9: 50 | E9: =SUMIFS(Mouvements!$D:$D,Mouvements!$B:$B,A9,Mouvements!$C:$C,"Entrée") -> 0 | F9: =SUMIFS(Mouvements!$D:$D,Mouvements!$B:$B,A9,Mouvements!$C:$C,"Sortie") -> 9 | G9: =D9+E9-F9 -> 41 | H9: 15 | I9: 320 | J9: =G9*I9 -> 13120 | K9: =IF(G9<=0,"Rupture",IF(G9<=H9,"À commander","OK")) -> OK
A10: A06 | B10: Shampooing | C10: Hygiène | D10: 30 | E10: =SUMIFS(Mouvements!$D:$D,Mouvements!$B:$B,A10,Mouvements!$C:$C,"Entrée") -> 18 | F10: =SUMIFS(Mouvements!$D:$D,Mouvements!$B:$B,A10,Mouvements!$C:$C,"Sortie") -> 38 | G10: =D10+E10-F10 -> 10 | H10: 10 | I10: 450 | J10: =G10*I10 -> 4500 | K10: =IF(G10<=0,"Rupture",IF(G10<=H10,"À commander","OK")) -> À commander
A11: A07 | B11: Lessive 3 kg | C11: Entretien | D11: 15 | E11: =SUMIFS(Mouvements!$D:$D,Mouvements!$B:$B,A11,Mouvements!$C:$C,"Entrée") -> 21 | F11: =SUMIFS(Mouvements!$D:$D,Mouvements!$B:$B,A11,Mouvements!$C:$C,"Sortie") -> 36 | G11: =D11+E11-F11 -> 0 | H11: 8 | I11: 1100 | J11: =G11*I11 -> 0 | K11: =IF(G11<=0,"Rupture",IF(G11<=H11,"À commander","OK")) -> Rupture
A12: A08 | B12: Eau minérale (pack) | C12: Boissons | D12: 70 | E12: =SUMIFS(Mouvements!$D:$D,Mouvements!$B:$B,A12,Mouvements!$C:$C,"Entrée") -> 0 | F12: =SUMIFS(Mouvements!$D:$D,Mouvements!$B:$B,A12,Mouvements!$C:$C,"Sortie") -> 15 | G12: =D12+E12-F12 -> 55 | H12: 20 | I12: 240 | J12: =G12*I12 -> 13200 | K12: =IF(G12<=0,"Rupture",IF(G12<=H12,"À commander","OK")) -> OK
A13: A09 | B13: Jus 1 L | C13: Boissons | D13: 35 | E13: =SUMIFS(Mouvements!$D:$D,Mouvements!$B:$B,A13,Mouvements!$C:$C,"Entrée") -> 0 | F13: =SUMIFS(Mouvements!$D:$D,Mouvements!$B:$B,A13,Mouvements!$C:$C,"Sortie") -> 28 | G13: =D13+E13-F13 -> 7 | H13: 15 | I13: 180 | J13: =G13*I13 -> 1260 | K13: =IF(G13<=0,"Rupture",IF(G13<=H13,"À commander","OK")) -> À commander
A14: A10 | B14: Pâtes 500 g | C14: Alimentation | D14: 90 | E14: =SUMIFS(Mouvements!$D:$D,Mouvements!$B:$B,A14,Mouvements!$C:$C,"Entrée") -> 16 | F14: =SUMIFS(Mouvements!$D:$D,Mouvements!$B:$B,A14,Mouvements!$C:$C,"Sortie") -> 32 | G14: =D14+E14-F14 -> 74 | H14: 30 | I14: 95 | J14: =G14*I14 -> 7030 | K14: =IF(G14<=0,"Rupture",IF(G14<=H14,"À commander","OK")) -> OK
A15: TOTAL | J15: =SUM(J5:J14) -> 107730
A17: Articles à commander : | C17: =COUNTIF(K5:K14,"À commander")+COUNTIF(K5:K14,"Rupture") -> 3
A19: Légende : | B19: Saisie (modifiable) | C19: Formule (ne pas modifier)

Sheet Mouvements
A1: Mouvements de stock
A2: Une ligne par mouvement. Type : Entrée ou Sortie (liste déroulante).
A4: Date | B4: Code | C4: Type | D4: Quantité | E4: Article
A5: 46266 | B5: A06 | C5: Sortie | D5: 10 | E5: =IFERROR(VLOOKUP(B5,Articles!$A$5:$B$14,2,FALSE()),"") -> Shampooing
A6: 46266 | B6: A01 | C6: Entrée | D6: 13 | E6: =IFERROR(VLOOKUP(B6,Articles!$A$5:$B$14,2,FALSE()),"") -> Riz 5 kg
A7: 46267 | B7: A02 | C7: Sortie | D7: 4 | E7: =IFERROR(VLOOKUP(B7,Articles!$A$5:$B$14,2,FALSE()),"") -> Huile 2 L
A8: 46268 | B8: A09 | C8: Sortie | D8: 5 | E8: =IFERROR(VLOOKUP(B8,Articles!$A$5:$B$14,2,FALSE()),"") -> Jus 1 L
A9: 46269 | B9: A07 | C9: Sortie | D9: 7 | E9: =IFERROR(VLOOKUP(B9,Articles!$A$5:$B$14,2,FALSE()),"") -> Lessive 3 kg
A10: 46269 | B10: A02 | C10: Sortie | D10: 4 | E10: =IFERROR(VLOOKUP(B10,Articles!$A$5:$B$14,2,FALSE()),"") -> Huile 2 L
A11: 46270 | B11: A10 | C11: Entrée | D11: 8 | E11: =IFERROR(VLOOKUP(B11,Articles!$A$5:$B$14,2,FALSE()),"") -> Pâtes 500 g
A12: 46271 | B12: A10 | C12: Sortie | D12: 10 | E12: =IFERROR(VLOOKUP(B12,Articles!$A$5:$B$14,2,FALSE()),"") -> Pâtes 500 g
A13: 46272 | B13: A01 | C13: Sortie | D13: 4 | E13: =IFERROR(VLOOKUP(B13,Articles!$A$5:$B$14,2,FALSE()),"") -> Riz 5 kg
A14: 46272 | B14: A09 | C14: Sortie | D14: 8 | E14: =IFERROR(VLOOKUP(B14,Articles!$A$5:$B$14,2,FALSE()),"") -> Jus 1 L
A15: 46273 | B15: A07 | C15: Entrée | D15: 6 | E15: =IFERROR(VLOOKUP(B15,Articles!$A$5:$B$14,2,FALSE()),"") -> Lessive 3 kg
A16: 46274 | B16: A10 | C16: Sortie | D16: 6 | E16: =IFERROR(VLOOKUP(B16,Articles!$A$5:$B$14,2,FALSE()),"") -> Pâtes 500 g
... A44: 46295 | B44: A07 | C44: Sortie | D44: 10 | E44: =IFERROR(VLOOKUP(B44,Articles!$A$5:$B$14,2,FALSE()),"") -> Lessive 3 kg
E45: =IF(B45="","",IFERROR(VLOOKUP(B45,Articles!$A$5:$B$14,2,FALSE()),"Code inconnu"))
E46: =IF(B46="","",IFERROR(VLOOKUP(B46,Articles!$A$5:$B$14,2,FALSE()),"Code inconnu"))
E47: =IF(B47="","",IFERROR(VLOOKUP(B47,Articles!$A$5:$B$14,2,FALSE()),"Code inconnu"))
E48: =IF(B48="","",IFERROR(VLOOKUP(B48,Articles!$A$5:$B$14,2,FALSE()),"Code inconnu"))
E49: =IF(B49="","",IFERROR(VLOOKUP(B49,Articles!$A$5:$B$14,2,FALSE()),"Code inconnu"))
E50: =IF(B50="","",IFERROR(VLOOKUP(B50,Articles!$A$5:$B$14,2,FALSE()),"Code inconnu"))
E51: =IF(B51="","",IFERROR(VLOOKUP(B51,Articles!$A$5:$B$14,2,FALSE()),"Code inconnu"))
E52: =IF(B52="","",IFERROR(VLOOKUP(B52,Articles!$A$5:$B$14,2,FALSE()),"Code inconnu"))
E53: =IF(B53="","",IFERROR(VLOOKUP(B53,Articles!$A$5:$B$14,2,FALSE()),"Code inconnu"))
E54: =IF(B54="","",IFERROR(VLOOKUP(B54,Articles!$A$5:$B$14,2,FALSE()),"Code inconnu"))
E55: =IF(B55="","",IFERROR(VLOOKUP(B55,Articles!$A$5:$B$14,2,FALSE()),"Code inconnu"))
E56: =IF(B56="","",IFERROR(VLOOKUP(B56,Articles!$A$5:$B$14,2,FALSE()),"Code inconnu"))
... E104: =IF(B104="","",IFERROR(VLOOKUP(B104,Articles!$A$5:$B$14,2,FALSE()),"Code inconnu"))
