Workbook

Sheet Tableau de bord
A1: Tableau de bord des ventes 2026
A2: Nourix Academy · Projet 5 · Tout se calcule depuis la feuille « Données ». Choisissez une région en C4.
B4: Région : | C4: Toutes
B6: Chiffre d’affaires | C6: =SUMIFS(Données!$G$2:$G$151,Données!$B$2:$B$151,IF($C$4="Toutes","*",$C$4)) -> 20744300
B7: Nombre de ventes | C7: =COUNTIFS(Données!$B$2:$B$151,IF($C$4="Toutes","*",$C$4)) -> 150
B8: Quantité vendue | C8: =SUMIFS(Données!$E$2:$E$151,Données!$B$2:$B$151,IF($C$4="Toutes","*",$C$4)) -> 1201
B9: Vente moyenne | C9: =IF(C7=0,0,C6/C7) -> 138295.33
B11: Mois | C11: N° | D11: Chiffre d’affaires | F11: Vendeur | G11: Chiffre d’affaires | H11: Rang
B12: Janvier | C12: 1 | D12: =SUMIFS(Données!$G$2:$G$151,Données!$H$2:$H$151,C12,Données!$B$2:$B$151,IF($C$4="Toutes","*",$C$4)) -> 1668700 | F12: Ali | G12: =SUMIFS(Données!$G$2:$G$151,Données!$C$2:$C$151,F12,Données!$B$2:$B$151,IF($C$4="Toutes","*",$C$4)) -> 4551500 | H12: =RANK(G12,$G$12:$G$17,0) -> 2
B13: Février | C13: 2 | D13: =SUMIFS(Données!$G$2:$G$151,Données!$H$2:$H$151,C13,Données!$B$2:$B$151,IF($C$4="Toutes","*",$C$4)) -> 2729800 | F13: Fatima | G13: =SUMIFS(Données!$G$2:$G$151,Données!$C$2:$C$151,F13,Données!$B$2:$B$151,IF($C$4="Toutes","*",$C$4)) -> 5199100 | H13: =RANK(G13,$G$12:$G$17,0) -> 1
B14: Mars | C14: 3 | D14: =SUMIFS(Données!$G$2:$G$151,Données!$H$2:$H$151,C14,Données!$B$2:$B$151,IF($C$4="Toutes","*",$C$4)) -> 2181300 | F14: Hamza | G14: =SUMIFS(Données!$G$2:$G$151,Données!$C$2:$C$151,F14,Données!$B$2:$B$151,IF($C$4="Toutes","*",$C$4)) -> 3050400 | H14: =RANK(G14,$G$12:$G$17,0) -> 3
B15: Avril | C15: 4 | D15: =SUMIFS(Données!$G$2:$G$151,Données!$H$2:$H$151,C15,Données!$B$2:$B$151,IF($C$4="Toutes","*",$C$4)) -> 3769900 | F15: Salma | G15: =SUMIFS(Données!$G$2:$G$151,Données!$C$2:$C$151,F15,Données!$B$2:$B$151,IF($C$4="Toutes","*",$C$4)) -> 2871500 | H15: =RANK(G15,$G$12:$G$17,0) -> 5
B16: Mai | C16: 5 | D16: =SUMIFS(Données!$G$2:$G$151,Données!$H$2:$H$151,C16,Données!$B$2:$B$151,IF($C$4="Toutes","*",$C$4)) -> 1563200 | F16: Youssef | G16: =SUMIFS(Données!$G$2:$G$151,Données!$C$2:$C$151,F16,Données!$B$2:$B$151,IF($C$4="Toutes","*",$C$4)) -> 2037500 | H16: =RANK(G16,$G$12:$G$17,0) -> 6
B17: Juin | C17: 6 | D17: =SUMIFS(Données!$G$2:$G$151,Données!$H$2:$H$151,C17,Données!$B$2:$B$151,IF($C$4="Toutes","*",$C$4)) -> 1497400 | F17: Asma | G17: =SUMIFS(Données!$G$2:$G$151,Données!$C$2:$C$151,F17,Données!$B$2:$B$151,IF($C$4="Toutes","*",$C$4)) -> 3034300 | H17: =RANK(G17,$G$12:$G$17,0) -> 4
B18: Juillet | C18: 7 | D18: =SUMIFS(Données!$G$2:$G$151,Données!$H$2:$H$151,C18,Données!$B$2:$B$151,IF($C$4="Toutes","*",$C$4)) -> 1838800
B19: Août | C19: 8 | D19: =SUMIFS(Données!$G$2:$G$151,Données!$H$2:$H$151,C19,Données!$B$2:$B$151,IF($C$4="Toutes","*",$C$4)) -> 3530500 | F19: Meilleur vendeur : | G19: =INDEX(F12:F17,MATCH(MAX(G12:G17),G12:G17,0)) -> Fatima
B20: Septembre | C20: 9 | D20: =SUMIFS(Données!$G$2:$G$151,Données!$H$2:$H$151,C20,Données!$B$2:$B$151,IF($C$4="Toutes","*",$C$4)) -> 1964700
F22: Produit | G22: Quantité | H22: Chiffre d’affaires | I22: Part
F23: Ordinateur portable | G23: =SUMIFS(Données!$E$2:$E$151,Données!$D$2:$D$151,F23,Données!$B$2:$B$151,IF($C$4="Toutes","*",$C$4)) -> 135 | H23: =SUMIFS(Données!$G$2:$G$151,Données!$D$2:$D$151,F23,Données!$B$2:$B$151,IF($C$4="Toutes","*",$C$4)) -> 11475000 | I23: =IF($C$6=0,0,H23/$C$6) -> 0.553164
F24: Imprimante | G24: =SUMIFS(Données!$E$2:$E$151,Données!$D$2:$D$151,F24,Données!$B$2:$B$151,IF($C$4="Toutes","*",$C$4)) -> 114 | H24: =SUMIFS(Données!$G$2:$G$151,Données!$D$2:$D$151,F24,Données!$B$2:$B$151,IF($C$4="Toutes","*",$C$4)) -> 2508000 | I24: =IF($C$6=0,0,H24/$C$6) -> 0.12090068
F25: Écran 24" | G25: =SUMIFS(Données!$E$2:$E$151,Données!$D$2:$D$151,F25,Données!$B$2:$B$151,IF($C$4="Toutes","*",$C$4)) -> 102 | H25: =SUMIFS(Données!$G$2:$G$151,Données!$D$2:$D$151,F25,Données!$B$2:$B$151,IF($C$4="Toutes","*",$C$4)) -> 2856000 | I25: =IF($C$6=0,0,H25/$C$6) -> 0.13767637
F26: Clavier | G26: =SUMIFS(Données!$E$2:$E$151,Données!$D$2:$D$151,F26,Données!$B$2:$B$151,IF($C$4="Toutes","*",$C$4)) -> 319 | H26: =SUMIFS(Données!$G$2:$G$151,Données!$D$2:$D$151,F26,Données!$B$2:$B$151,IF($C$4="Toutes","*",$C$4)) -> 1116500 | I26: =IF($C$6=0,0,H26/$C$6) -> 0.053822014
F27: Souris | G27: =SUMIFS(Données!$E$2:$E$151,Données!$D$2:$D$151,F27,Données!$B$2:$B$151,IF($C$4="Toutes","*",$C$4)) -> 141 | H27: =SUMIFS(Données!$G$2:$G$151,Données!$D$2:$D$151,F27,Données!$B$2:$B$151,IF($C$4="Toutes","*",$C$4)) -> 253800 | I27: =IF($C$6=0,0,H27/$C$6) -> 0.012234686
F28: Casque | G28: =SUMIFS(Données!$E$2:$E$151,Données!$D$2:$D$151,F28,Données!$B$2:$B$151,IF($C$4="Toutes","*",$C$4)) -> 390 | H28: =SUMIFS(Données!$G$2:$G$151,Données!$D$2:$D$151,F28,Données!$B$2:$B$151,IF($C$4="Toutes","*",$C$4)) -> 2535000 | I28: =IF($C$6=0,0,H28/$C$6) -> 0.12220224
B47: Exercice (chapitre 12) : créez un tableau croisé dynamique depuis le tableau « Ventes » de la feuille Données.

Sheet Données
A1: Date | B1: Région | C1: Vendeur | D1: Produit | E1: Quantité | F1: Prix unitaire | G1: Montant | H1: Mois
A2: 46023 | B2: Est | C2: Asma | D2: Clavier | E2: 3 | F2: 3500 | G2: =E2*F2 -> 10500 | H2: =MONTH(A2) -> 1
A3: 46023 | B3: Ouest | C3: Youssef | D3: Ordinateur portable | E3: 8 | F3: 85000 | G3: =E3*F3 -> 680000 | H3: =MONTH(A3) -> 1
A4: 46024 | B4: Nord | C4: Ali | D4: Casque | E4: 8 | F4: 6500 | G4: =E4*F4 -> 52000 | H4: =MONTH(A4) -> 1
A5: 46024 | B5: Nord | C5: Asma | D5: Clavier | E5: 17 | F5: 3500 | G5: =E5*F5 -> 59500 | H5: =MONTH(A5) -> 1
A6: 46025 | B6: Est | C6: Ali | D6: Ordinateur portable | E6: 3 | F6: 85000 | G6: =E6*F6 -> 255000 | H6: =MONTH(A6) -> 1
A7: 46027 | B7: Est | C7: Asma | D7: Casque | E7: 25 | F7: 6500 | G7: =E7*F7 -> 162500 | H7: =MONTH(A7) -> 1
A8: 46028 | B8: Est | C8: Salma | D8: Souris | E8: 9 | F8: 1800 | G8: =E8*F8 -> 16200 | H8: =MONTH(A8) -> 1
A9: 46029 | B9: Est | C9: Hamza | D9: Casque | E9: 12 | F9: 6500 | G9: =E9*F9 -> 78000 | H9: =MONTH(A9) -> 1
A10: 46032 | B10: Nord | C10: Ali | D10: Écran 24" | E10: 1 | F10: 28000 | G10: =E10*F10 -> 28000 | H10: =MONTH(A10) -> 1
A11: 46032 | B11: Sud | C11: Salma | D11: Casque | E11: 9 | F11: 6500 | G11: =E11*F11 -> 58500 | H11: =MONTH(A11) -> 1
A12: 46038 | B12: Ouest | C12: Fatima | D12: Casque | E12: 21 | F12: 6500 | G12: =E12*F12 -> 136500 | H12: =MONTH(A12) -> 1
A13: 46050 | B13: Nord | C13: Ali | D13: Imprimante | E13: 5 | F13: 22000 | G13: =E13*F13 -> 110000 | H13: =MONTH(A13) -> 1
... A151: 46292 | B151: Sud | C151: Salma | D151: Casque | E151: 7 | F151: 6500 | G151: =E151*F151 -> 45500 | H151: =MONTH(A151) -> 9
